2e8cc5e1-4384-4e8e-b1f4-00a03a88ef20, 1
cfd59f2c-d20a-49b5-9e68-ebe3df86a037, 2
490531d1-43f3-4cb2-9ee4-1cae5054d39b, 3
81d6c539-2f6a-4e70-a5ae-8c6548dffca4, 4
5376f562-1e8a-437d-af43-4f866d390818, 5
9832f04b-0a39-49c2-bf1f-a66e57a5397a, 6
574d933b-871c-485a-9ec3-df1227c9fd66, 7
74fb226d-3c17-4a53-8f3a-e59c18d0adbe, 8
01af7158-050c-4a40-aa48-b9529ae09646, 9
4cf99202-5572-4f3a-9b65-4d84843a21af, 10
df2f3731-1cc3-4cf9-88e1-6641e4fd9008, 11
1304ab38-48f8-4dbb-8e53-fee5fd02a5c2, 12
2251ff23-2abc-4325-be3c-988d85ca9d17, 13
4ccc7ccf-6d17-4c83-b3b0-cadb34c5d46f, 14
196f2b11-e08d-4492-84de-fcf40f1c5570, 15
e1897cf1-2f42-4df9-baff-1924c26a172a, 16
